<?xml version="1.0" encoding="UTF-8"?>
<project-private xmlns="http://www.netbeans.org/ns/project-private/1">
    <editor-bookmarks xmlns="http://www.netbeans.org/ns/editor-bookmarks/2" lastBookmarkId="0"/>
    <open-files xmlns="http://www.netbeans.org/ns/projectui-open-files/2">
        <group>
            <file>file:/D:/SWP391project/SWP391_Project/SWP/Week4/SourceCode/SWP/web/HomePage.jsp</file>
            <file>file:/D:/SWP391project/SWP391_Project/SWP/Week4/SourceCode/SWP/src/java/dal/DBConnect.java</file>
            <file>file:/D:/SWP391project/SWP391_Project/SWP/Week4/SourceCode/SWP/web/SliderDetails.jsp</file>
            <file>file:/D:/SWP391project/SWP391_Project/SWP/Week4/SourceCode/SWP/web/SlidersList.jsp</file>
        </group>
    </open-files>
</project-private>
