<?xml version="1.0" encoding="UTF-8"?>
<project-private xmlns="http://www.netbeans.org/ns/project-private/1">
    <editor-bookmarks xmlns="http://www.netbeans.org/ns/editor-bookmarks/2" lastBookmarkId="0"/>
    <open-files xmlns="http://www.netbeans.org/ns/projectui-open-files/2">
        <group>
            <file>file:/D:/Document/hoc%20tren%20lop/Summer2023/SWP391-Group5/SWP/Week1/SourceCode/SWP/src/java/dao/MyDAO.java</file>
            <file>file:/D:/Document/hoc%20tren%20lop/Summer2023/SWP391-Group5/SWP/Week1/SourceCode/SWP/src/java/dao/CourseDAO.java</file>
            <file>file:/D:/Document/hoc%20tren%20lop/Summer2023/SWP391-Group5/SWP/Week1/SourceCode/SWP/web/index.html</file>
        </group>
    </open-files>
</project-private>
