<?xml version="1.0" encoding="UTF-8"?>
<project-private xmlns="http://www.netbeans.org/ns/project-private/1">
    <editor-bookmarks xmlns="http://www.netbeans.org/ns/editor-bookmarks/2" lastBookmarkId="0"/>
    <open-files xmlns="http://www.netbeans.org/ns/projectui-open-files/2">
        <group>
            <file>file:/D:/Document/hoc%20tren%20lop/Summer2023/SWP391-Group5/SWP/Week3/SourceCode/SWP/src/java/controller/postDetails.java</file>
            <file>file:/D:/Document/hoc%20tren%20lop/Summer2023/SWP391-Group5/SWP/Week3/SourceCode/SWP/web/assets/css/styling.css</file>
            <file>file:/D:/Document/hoc%20tren%20lop/Summer2023/SWP391-Group5/SWP/Week3/SourceCode/SWP/src/java/controller/courseList.java</file>
            <file>file:/D:/Document/hoc%20tren%20lop/Summer2023/SWP391-Group5/SWP/Week3/SourceCode/SWP/src/java/dao/PostDAO.java</file>
            <file>file:/D:/Document/hoc%20tren%20lop/Summer2023/SWP391-Group5/SWP/Week3/SourceCode/SWP/src/java/entity/Price_Package.java</file>
            <file>file:/D:/Document/hoc%20tren%20lop/Summer2023/SWP391-Group5/SWP/Week3/SourceCode/SWP/src/java/controller/courseDetails.java</file>
            <file>file:/D:/Document/hoc%20tren%20lop/Summer2023/SWP391-Group5/SWP/Week3/SourceCode/SWP/web/CourseList.jsp</file>
            <file>file:/D:/Document/hoc%20tren%20lop/Summer2023/SWP391-Group5/SWP/Week3/SourceCode/SWP/web/PostDetails.jsp</file>
        </group>
    </open-files>
</project-private>
