SET IDENTITY_INSERT [dbo].[Section] ON
INSERT INTO Section(section_id, course_id, section_name, section_status) 
VALUES (1,1,N'Xác suất và phân phối xác suất',1),
	(2,1,N'Thống kê mô tả và ước lượng',1),
	(3,2,N'Tìm hạng và ma trận căn cứ của một ma trận',1),
	(4,2,N'Giải bài toán về không gian vector',1),
	(5,3,N'Tính giới hạn của một hàm số',1),
	(6,3,N'Tìm đạo hàm của một hàm số',1),
	(7,4,N'Tính tổng các dãy số hữu hạn hoặc vô hạn.',1),
	(8,4,N'Giải bài toán về chứng minh thông qua phương pháp quy nạp',1),
	(9,5,N'Tìm độ dài cung',1),
	(10,5,N'Tìm hệ số góc của đường tiếp tuyến ',1),
	(11,6,N'Giải bài toán về phân tích số nguyên',1),
	(12,6,N'Tìm một nhóm con có tính chất đặc biệt',1),
	(13,7,N'Giải bài toán tính toán số liệu thống kê',1),
	(14,7,N'Áp dụng thuật toán và phương pháp tính toán để giải quyết bài toán thực tế',1),
	(15,8,N'Tìm và xác định tính chất của các loại đồ thị',1),
	(16,8,N'Giải bài toán tìm đường đi ngắn nhất hoặc chu trình Hamilton trên đồ thị',1),
	(17,9,N'Tìm đạo hàm riêng và vector pháp tuyến của một hàm nhiều biến',1),
	(18,9,N'Giải bài toán về đường vi phân và bề mặt tiếp xúc trong không gian ba chiều',1),
	(19,10,N'Tính tích phân xác định',1),
	(20,10,N'Áp dụng quy tắc tích phân và phương pháp tích phân để tính diện tích ',1),
	(21,11,N'Áp dụng phân phối xác suất',1),
	(22,11,N'Thực hiện phân tích hồi quy',1),
	(23,12,N'Tìm và phân tích các hàm phức',1),
	(24,12,N'Giải bài toán tìm giá trị riêng',1),
	(25,13,N'Nghiên cứu về tích phân Riemann ',1),
	(26,13,N'Áp dụng các phương pháp nâng cao trong giải tích',1),
	(27,14,N'Định thức ma trận',1),
	(28,14,N'Không gian con',1),
	(29,15,N'Đồ thị Euler.',1),
	(30,15,N'Nguyên lý quy nạp',1),
	(31,16,N'Đường cong tọa độ.',1),
	(32,16,N'Bề mặt xoắn',1),
	(33,17,N'Phân phối chuẩn',1),
	(34,17,N'Kiểm định giả thuyết.',1),
	(35,18,N'Nhóm chính qui',1),
	(36,18,N'Biểu diễn nhóm',1),
	(37,19,N'Chuỗi Fourier',1),
	(38,19,N'Phương trình Laplace',1),
	(39,20,N'Tổ hợp tuyến tính',1),
	(40,20,N'Phép chiếu',1),
	(41,21,N'Phương trình vi phân',1),
	(42,21,N'Đường cong Gauss',1),
	(43,22,N'Vô hạn hình học',1),
	(44,22,N'Hình chiếu',1),
	(45,23,N'Đại số đa tuyến tính',1),
	(46,23,N'Ma trận đồng cấu',1),
	(47,24,N'Số nguyên tố',1),
	(48,24,N'Đồng dư',1),
	(49,25,N'Giá trị riêng',1),
	(50,25,N'Hàm phổ',1),
	(51,26,N'Quá trình Markov',1),
	(52,26,N'Phân phối Poisson',1),
	(53,27,N'Phương trình Hamilton-Jacobi-Bellman.',1),
	(54,27,N'Điều khiển đặt',1),
	(55,28,N'Bài toán xếp ba lô',1),
	(56,28,N'Bài toán ngắt dòng',1),
	(57,29,N'Phương pháp moment',1),
	(58,29,N'Kiểm định t-Student',1),
	(59,30,N'Sắp xếp mảng',1),
	(60,30,N'Tính toán ma trận',1);
SET IDENTITY_INSERT [dbo].[Section] OFF

SET IDENTITY_INSERT [dbo].[Quiz] ON
INSERT INTO Quiz(quiz_id, quiz_name, quiz_desc, section_id, quiz_status)
VALUES (1,N'Bài quiz 1: Xác suất và xác suất đồng thời',N'Làm bài quiz 1',1,N'True'),
	(2,N'Bài quiz 2: Phân phối Bernoulli và phân phối chuẩn',N'Làm bài quiz 2',1,N'True'),
	(3,N'Bài quiz 1: Độ tập trung và độ phân tán dữ liệu',N'Làm bài quiz 1',2,N'True'),
	(4,N'Bài quiz 2: Ước lượng điểm trung bình và sai số ước lượng',N'Làm bài quiz 2',2,N'True'),
	(5,N'Bài quiz 1: Tính hạng của ma trận',N'Làm bài quiz 1',3,N'True'),
	(6,N'Bài quiz 2: Tìm ma trận căn cứ',N'Làm bài quiz 2',3,N'True'),
	(7,N'Bài quiz 1: Tìm vectơ cơ sở và không gian sinh bởi các vectơ',N'Làm bài quiz 1',4,N'True'),
	(8,N'Bài quiz 2: Kiểm tra tính tạo thành và tìm hệ số tuyến tính',N'Làm bài quiz 2',4,N'True'),
	(9,N'Bài quiz 1: Tính giới hạn xác định và giới hạn vô hướng',N'Làm bài quiz 1',5,N'True'),
	(10,N'Bài quiz 2: Tính giới hạn vô hạn và giới hạn đồng nhất',N'Làm bài quiz 2',5,N'True'),
	(11,N'Bài quiz 1: Tính đạo hàm cơ bản',N'Làm bài quiz 1',6,N'True'),
	(12,N'Bài quiz 2: Đạo hàm của hàm hợp và hàm nghịch đảo',N'Làm bài quiz 2',6,N'True'),
	(13,N'Bài quiz 1: Tính tổng các số tự nhiên',N'Làm bài quiz 1',7,N'True'),
	(14,N'Bài quiz 2: Tính tổng các dãy số hình học',N'Làm bài quiz 2',7,N'True'),
	(15,N'Bài quiz 1: Chứng minh bằng quy nạp đơn giản',N'Làm bài quiz 1',8,N'True'),
	(16,N'Bài quiz 2: Chứng minh bằng quy nạp toàn diện',N'Làm bài quiz 2',8,N'True'),
	(17,N'Bài quiz 1: Tìm độ dài cung trên đồ thị',N'Làm bài quiz 1',9,N'True'),
	(18,N'Bài quiz 2: Tìm độ dài cung trong không gian',N'Làm bài quiz 2',9,N'True'),
	(19,N'Bài quiz 1: Tìm hệ số góc của đường tiếp tuyến với hàm số',N'Làm bài quiz 1',10,N'True'),
	(20,N'Bài quiz 2: Tìm hệ số góc của đường tiếp tuyến với đường cong',N'Làm bài quiz 2',10,N'True'),
	(21,N'Bài quiz 1: Phân tích số thành các thừa số nguyên tố.',N'Làm bài quiz 1',11,N'True'),
	(22,N'Bài quiz 2: Tìm số nguyên tố lớn nhất trong một khoảng cho trước',N'Làm bài quiz 2',11,N'True'),
	(23,N'Bài quiz 1: Tìm tập con có tổng lớn nhất',N'Làm bài quiz 1',12,N'True'),
	(24,N'Bài quiz 2: Tìm tập con có tích lớn nhất',N'Làm bài quiz 2',12,N'True'),
	(25,N'Bài quiz 1: Tính trung bình, phương sai và độ lệch chuẩn',N'Làm bài quiz 1',13,N'True'),
	(26,N'Bài quiz 2: Tính tỉ lệ phần trăm và trung vị',N'Làm bài quiz 2',13,N'True'),
	(27,N'Bài quiz 1: Áp dụng thuật toán tìm kiếm nhị phân',N'Làm bài quiz 1',14,N'True'),
	(28,N'Bài quiz 2: Áp dụng phương pháp gradient descent',N'Làm bài quiz 2',14,N'True'),
	(29,N'Bài quiz 1: Tìm số cạnh, số đỉnh và bậc của đồ thị',N'Làm bài quiz 1',15,N'True'),
	(30,N'Bài quiz 2: Xác định đồ thị có chu trình hay không',N'Làm bài quiz 2',15,N'True'),
	(31,N'Bài quiz 1: Tìm đường đi ngắn nhất bằng thuật toán Dijkstra',N'Làm bài quiz 1',16,N'True'),
	(32,N'Bài quiz 2: Tìm chu trình Hamilton bằng thuật toán quay lui',N'Làm bài quiz 2',16,N'True'),
	(33,N'Bài quiz 1: Tính đạo hàm riêng theo một biến',N'Làm bài quiz 1',17,N'True'),
	(34,N'Bài quiz 2: Tìm vector pháp tuyến của một điểm trên đồ thị hàm nhiều biến',N'Làm bài quiz 2',17,N'True'),
	(35,N'Bài quiz 1: Tính đạo hàm riêng và vector pháp tuyến của một đường vi phân',N'Làm bài quiz 1',18,N'True'),
	(36,N'Bài quiz 2: Tìm phương trình mặt tiếp xúc với một bề mặt',N'Làm bài quiz 2',18,N'True'),
	(37,N'Bài quiz 1: Tính tích phân không xác định của một hàm số đơn giản.',N'Làm bài quiz 1',19,N'True'),
	(38,N'Bài quiz 2: Tính tích phân không xác định dựa trên phương pháp thay đổi biến số.',N'Làm bài quiz 2',19,N'True'),
	(39,N'Bài quiz 1: Tính diện tích dưới đường cong.',N'Làm bài quiz 1',20,N'True'),
	(40,N'Bài quiz 2: Tính diện tích của một hình bị chặn bởi đồ thị hàm số.',N'Làm bài quiz 2',20,N'True'),
	(41,N'Bài quiz 1: Xác định xác suất của một sự kiện trong phân phối chuẩn',N'Làm bài quiz 1',21,N'True'),
	(42,N'Bài quiz 2: Tính giá trị đồ thị hàm mật độ xác suất.',N'Làm bài quiz 2',21,N'True'),
	(43,N'Bài quiz 1: Tìm hệ số hồi quy và phân tích ý nghĩa thống kê của chúng',N'Làm bài quiz 1',22,N'True'),
	(44,N'Bài quiz 2: Dự đoán giá trị đầu ra dựa trên mô hình hồi quy.',N'Làm bài quiz 2',22,N'True'),
	(45,N'Bài quiz 1: Tính giá trị tuyệt đối và đối số của một số phức.',N'Làm bài quiz 1',23,N'True'),
	(46,N'Bài quiz 2: Phân tích thành phần thực và ảo của một hàm phức.',N'Làm bài quiz 2',23,N'True'),
	(47,N'Bài quiz 1: Tìm giá trị riêng và vector riêng của một ma trận vuông.',N'Làm bài quiz 1',24,N'True'),
	(48,N'Bài quiz 2: Xác định tính chất của giá trị riêng thông qua đường cong đặc trưng.',N'Làm bài quiz 2',24,N'True'),
	(49,N'Bài quiz 1: Tính diện tích dưới đường cong sử dụng phương pháp tích phân Riemann.',N'Làm bài quiz 1',25,N'True'),
	(50,N'Bài quiz 2: Xác định tích phân xác định bằng tích phân Riemann.',N'Làm bài quiz 2',25,N'True'),
	(51,N'Bài quiz 1: Sử dụng phương pháp tích phân số Euler để tính toán.',N'Làm bài quiz 1',26,N'True'),
	(52,N'Bài quiz 2: Áp dụng phương pháp chuỗi lũy thừa để tính toán giá trị hàm.',N'Làm bài quiz 2',26,N'True'),
	(53,N'Bài quiz 1: Tính định thức của một ma trận vuông.',N'Làm bài quiz 1',27,N'True'),
	(54,N'Bài quiz 2: Kiểm tra tính khả nghịch của ma trận bằng định thức.',N'Làm bài quiz 2',27,N'True'),
	(55,N'Bài quiz 1: Xác định không gian con sinh bởi một tập hợp các vector.',N'Làm bài quiz 1',28,N'True'),
	(56,N'Bài quiz 2: Kiểm tra tính tạo thành và tồn tại của một không gian con.',N'Làm bài quiz 2',28,N'True'),
	(57,N'Bài quiz 1: Xác định tính kết nối và tính Euler của đồ thị.',N'Làm bài quiz 1',29,N'True'),
	(58,N'Bài quiz 2: Tìm chu trình Euler trên đồ thị.',N'Làm bài quiz 2',29,N'True'),
	(59,N'Bài quiz 1: Áp dụng nguyên lý quy nạp để chứng minh một đẳng thức trong một dãy số.',N'Làm bài quiz 1',30,N'True'),
	(60,N'Bài quiz 2: Sử dụng nguyên lý quy nạp để giải một bài toán tìm số lượng cách sắp xếp.',N'Làm bài quiz 2',30,N'True'),
	(61,N'Bài quiz 1: Xác định phương trình của một đường cong tọa độ đã cho',N'Làm bài quiz 1',31,N'True'),
	(62,N'Bài quiz 2: Tìm đặc điểm của đường cong tọa độ như độ dốc, độ cong, hoặc điểm cực trị.',N'Làm bài quiz 2',31,N'True'),
	(63,N'Bài quiz 1: Xác định phương trình và đồ thị của một bề mặt xoắn.',N'Làm bài quiz 1',32,N'True'),
	(64,N'Bài quiz 2: Tìm các điểm đặc biệt trên bề mặt xoắn như điểm cực trị, điểm uốn cong, hoặc điểm xoắn.',N'Làm bài quiz 2',32,N'True'),
	(65,N'Bài quiz 1: Tính xác suất hoặc diện tích dưới đường cong phân phối chuẩn.',N'Làm bài quiz 1',33,N'True'),
	(66,N'Bài quiz 2: Xác định giá trị z-score hoặc phân vị của một biến ngẫu nhiên theo phân phối chuẩn.',N'Làm bài quiz 2',33,N'True'),
	(67,N'Bài quiz 1: Thực hiện kiểm định giả thuyết về sự khác biệt giữa hai mẫu.',N'Làm bài quiz 1',34,N'True'),
	(68,N'Bài quiz 2: Xác định giả thuyết nên chấp nhận hoặc bác bỏ dựa trên kết quả kiểm định.',N'Làm bài quiz 2',34,N'True'),
	(69,N'Bài quiz 1: Tìm các nhóm con chính qui của một nhóm.',N'Làm bài quiz 1',35,N'True'),
	(70,N'Bài quiz 2: Xác định tính chất của nhóm chính qui như tính giao hoặc tính bù đối.',N'Làm bài quiz 2',35,N'True'),
	(71,N'Bài quiz 1: Tạo biểu đồ cột hoặc biểu đồ hình quạt để biểu diễn dữ liệu nhóm.',N'Làm bài quiz 1',36,N'True'),
	(72,N'Bài quiz 2: Sử dụng biểu đồ đường hoặc biểu đồ hộp để biểu diễn sự phân bố của dữ liệu nhóm.',N'Làm bài quiz 2',36,N'True'),
	(73,N'Bài quiz 1: Tính phép biến đổi Fourier của một chuỗi số.',N'Làm bài quiz 1',37,N'True'),
	(74,N'Bài quiz 2: Tìm chuỗi con của một chuỗi số dựa trên phép biến đổi Fourier.',N'Làm bài quiz 2',37,N'True'),
	(75,N'Bài quiz 1: Tìm giá trị hàm điều khiển thỏa mãn phương trình Laplace.',N'Làm bài quiz 1',38,N'True'),
	(76,N'Bài quiz 2: Giải phương trình Laplace cho một hình dạng hình học cụ thể.',N'Làm bài quiz 2',38,N'True'),
	(77,N'Bài quiz 1: Tính số cách chọn một số phần tử từ một tập hợp lớn và sắp xếp chúng theo một thứ tự cụ thể.',N'Làm bài quiz 1',39,N'True'),
	(78,N'Bài quiz 2: Áp dụng nguyên lý cộng và nguyên lý nhân để tính tổng số cách chọn và sắp xếp các phần tử.',N'Làm bài quiz 2',39,N'True'),
	(79,N'Bài quiz 1: Tìm phép chiếu của một vector lên một không gian con.',N'Làm bài quiz 1',40,N'True'),
	(80,N'Bài quiz 2: Xác định tính chất và tính toán phép chiếu trong một không gian vector.',N'Làm bài quiz 2',40,N'True'),
	(81,N'Bài quiz 1: Giải phương trình vi phân bậc nhất.',N'Làm bài quiz 1',41,N'True'),
	(82,N'Bài quiz 2: Tìm hàm số thỏa mãn một phương trình vi phân bậc hai',N'Làm bài quiz 2',41,N'True'),
	(83,N'Bài quiz 1: Tính toán độ cong và bán kính của một đường cong Gauss.',N'Làm bài quiz 1',42,N'True'),
	(84,N'Bài quiz 2: Xác định điểm xoắn và các đặc điểm khác của đường cong Gauss.',N'Làm bài quiz 2',42,N'True'),
	(85,N'Bài quiz 1: Tìm tổng của một dãy số vô hạn.',N'Làm bài quiz 1',43,N'True'),
	(86,N'Bài quiz 2: Áp dụng nguyên lý hội tụ để kiểm tra tính hội tụ của một dãy số vô hạn.',N'Làm bài quiz 2',43,N'True'),
	(87,N'Bài quiz 1: Tìm phép chiếu của một đối tượng trên một mặt phẳng.',N'Làm bài quiz 1',44,N'True'),
	(88,N'Bài quiz 2: Xác định tính chất và tính toán phép chiếu trong không gian ba chiều.',N'Làm bài quiz 2',44,N'True'),
	(89,N'Bài quiz 1: Tính tích vô hướng và tích vector trong không gian đa tuyến tính.',N'Làm bài quiz 1',45,N'True'),
	(90,N'Bài quiz 2: Xác định ma trận chuyển đổi và tìm ma trận nghịch đảo trong đại số đa ',N'Làm bài quiz 2',45,N'True'),
	(91,N'Bài quiz 1: Xác định ma trận đồng cấu và tính toán phép nhân ma trận.',N'Làm bài quiz 1',46,N'True'),
	(92,N'Bài quiz 2: Giải hệ phương trình tuyến tính bằng phương pháp ma trận đồng cấu.',N'Làm bài quiz 2',46,N'True'),
	(93,N'Bài quiz 1: Xác định một số là số nguyên tố hay không.',N'Làm bài quiz 1',47,N'True'),
	(94,N'Bài quiz 2: Tìm các số nguyên tố trong một khoảng cho trước.',N'Làm bài quiz 2',47,N'True'),
	(95,N'Bài quiz 1: Tìm số nguyên dương nhỏ nhất đồng dư với một số cho trước.',N'Làm bài quiz 1',48,N'True'),
	(96,N'Bài quiz 2: Kiểm tra tính chia hết và tính đồng dư của các số.',N'Làm bài quiz 2',48,N'True'),
	(97,N'Bài quiz 1: Tìm giá trị riêng và vector riêng tương ứng của một ma trận.',N'Làm bài quiz 1',49,N'True'),
	(98,N'Bài quiz 2: Áp dụng tính chất của giá trị riêng để giải bài toán liên quan.',N'Làm bài quiz 2',49,N'True'),
	(99,N'Bài quiz 1: Tính phép biến đổi Fourier của một hàm số.',N'Làm bài quiz 1',50,N'True'),
	(100,N'Bài quiz 2: Xác định tính chất và tính toán hàm phổ trong phân tích',N'Làm bài quiz 2',50,N'True'),
	(101,N'Bài quiz 1: Tính xác suất chuyển trạng thái trong một quá trình Markov.',N'Làm bài quiz 1',51,N'True'),
	(102,N'Bài quiz 2: Áp dụng ma trận chuyển trạng thái để tính xác suất ổn định trong quá trình Markov.',N'Làm bài quiz 2',51,N'True'),
	(103,N'Bài quiz 1: Tính xác suất xảy ra một số sự kiện trong một khoảng thời gian dựa trên phân phối Poisson.',N'Làm bài quiz 1',52,N'True'),
	(104,N'Bài quiz 2: Áp dụng phân phối Poisson để giải quyết các bài toán thực tế.',N'Làm bài quiz 2',52,N'True'),
	(105,N'Bài quiz 1: Giải phương trình Hamilton-Jacobi-Bellman trong một bài toán tối ưu.',N'Làm bài quiz 1',53,N'True'),
	(106,N'Bài quiz 2: Tìm hàm giá trị trong phương trình Hamilton-Jacobi-Bellman.',N'Làm bài quiz 2',53,N'True'),
	(107,N'Bài quiz 1: Thiết kế một hệ thống điều khiển đặt đơn giản.',N'Làm bài quiz 1',54,N'True'),
	(108,N'Bài quiz 2: Áp dụng phương pháp điều khiển đặt để giải quyết một bài toán cụ thể.',N'Làm bài quiz 2',54,N'True'),
	(109,N'Bài quiz 1: Tìm cách xếp các đồ vật vào ba lô sao cho tối ưu.',N'Làm bài quiz 1',55,N'True'),
	(110,N'Bài quiz 2: Xác định giới hạn trọng lượng và kích thước cho việc xếp ba lô.',N'Làm bài quiz 2',55,N'True'),
	(111,N'Bài quiz 1: Tìm cách ngắt dòng một dãy số thành các đoạn con có tổng nhỏ hơn một giá trị cho trước.',N'Làm bài quiz 1',56,N'True'),
	(112,N'Bài quiz 2: Áp dụng phương pháp tìm kiếm để giải quyết bài toán ngắt dòng.',N'Làm bài quiz 2',56,N'True'),
	(113,N'Bài quiz 1: Áp dụng phương pháp moment để xác định phân phối của một biến ngẫu nhiên.',N'Làm bài quiz 1',57,N'True'),
	(114,N'Bài quiz 2: Tính toán giá trị kỳ vọng và phương sai sử dụng phương pháp moment.',N'Làm bài quiz 2',57,N'True'),
	(115,N'Bài quiz 1: Kiểm định sự khác biệt giữa hai mẫu dựa trên phân phối t-Student.',N'Làm bài quiz 1',58,N'True'),
	(116,N'Bài quiz 2: Áp dụng kiểm định t-Student để đưa ra kết luận về sự khác biệt giữa hai nhóm.',N'Làm bài quiz 2',58,N'True'),
	(117,N'Bài quiz 1: Sắp xếp một mảng số nguyên theo thứ tự tăng dần sử dụng thuật toán Bubble Sort.',N'Làm bài quiz 1',59,N'True'),
	(118,N'Bài quiz 2: Sắp xếp một mảng số thực theo thứ tự giảm dần sử dụng thuật toán Selection Sort.',N'Làm bài quiz 2',59,N'True'),
	(119,N'Bài quiz 1: Tính tích hai ma trận vuông cùng kích thước.',N'Làm bài quiz 1',60,N'True'),
	(120,N'Bài quiz 2: Áp dụng phép nhân ma trận để tính toán hệ phương trình tuyến tính.',N'Làm bài quiz 2',60,N'True');
SET IDENTITY_INSERT [dbo].[Quiz] OFF

SET IDENTITY_INSERT [dbo].[Quiz_Result] ON
INSERT INTO Quiz_Result(quiz_result_id, quiz_id, user_id, quiz_status, quiz_grade, quiz_start, quiz_end, attempt)
VALUES (1,1,1,N'True',2,'2023-01-29 09:34:53','2023-01-29 09:35:39',1),
	(2,6,2,N'False',3,'2023-01-30 10:15:27','2023-01-30 10:16:13',3),
	(3,7,3,N'False',7,'2023-01-31 15:42:08','2023-01-31 15:42:54',8),
	(4,5,4,N'False',0,'2023-02-01 18:20:12','2023-02-01 18:20:58',2),
	(5,9,5,N'False',9,'2023-02-02 21:08:45','2023-02-02 21:09:31',3),
	(6,8,6,N'False',1,'2023-02-03 08:55:59','2023-02-03 08:56:45',4),
	(7,7,7,N'False',7,'2023-02-04 12:10:34','2023-02-04 12:11:20',2),
	(8,6,8,N'False',0,'2023-02-05 16:45:22','2023-02-05 16:46:08',7),
	(9,5,9,N'False',5,'2023-02-06 19:27:53','2023-02-06 19:28:39',3),
	(10,4,10,N'False',4,'2023-02-07 22:05:37','2023-02-07 22:06:23',5);
SET IDENTITY_INSERT [dbo].[Quiz_Result] OFF

SET IDENTITY_INSERT [dbo].[Question] ON
INSERT INTO Question(ques_id, ques_content, ques_note, quiz_id) 
VALUES (1,N'Hãy chọn đáp án đúng: 5 + 3 x 2 = ?',N'Đây là dạng toán cơ bản, dựa vào các tính chất của phép tính để thực hiện',1),
	(2,N'Hãy chọn đáp án đúng: 4 x 3 - 2 = ?',N'Đây là dạng toán cơ bản, dựa vào các tính chất của phép tính để thực hiện',1),
	(3,N'Hãy chọn đáp án đúng: 8 / 2 + 5 = ?',N'Đây là dạng toán cơ bản, dựa vào các tính chất của phép tính để thực hiện',1),
	(4,N'Hãy chọn đáp án đúng: 7 - 4 + 6 / 2 = ?',N'Đây là dạng toán cơ bản, dựa vào các tính chất của phép tính để thực hiện',1),
	(5,N'Hãy chọn đáp án đúng: 3 x (4 + 2) - 5 = ?',N'Đây là dạng toán cơ bản, dựa vào các tính chất của phép tính để thực hiện',1),
	(6,N'Hãy chọn đáp án đúng: 9 - 2 x 3 + 5 = ?',N'Đây là dạng toán cơ bản, dựa vào các tính chất của phép tính để thực hiện',1),
	(7,N'Hãy chọn đáp án đúng: 6 / 2 x 4 + 1 = ?',N'Đây là dạng toán cơ bản, dựa vào các tính chất của phép tính để thực hiện',1),
	(8,N'Hãy chọn đáp án đúng: 2 + 4 - 1 x 3 = ?',N'Đây là dạng toán cơ bản, dựa vào các tính chất của phép tính để thực hiện',1),
	(9,N'Hãy chọn đáp án đúng: 8 - (4 + 2 x 3) = ?',N'Đây là dạng toán cơ bản, dựa vào các tính chất của phép tính để thực hiện',1),
	(10,N'Hãy chọn đáp án đúng: 7 x 2 - (4 + 1) = ?',N'Đây là dạng toán cơ bản, dựa vào các tính chất của phép tính để thực hiện',1),
	(11,N'Hãy chọn đáp án đúng: 9 + 2 x 5 = ?',N'Đây là dạng toán cơ bản, dựa vào các tính chất của phép tính để thực hiện',2),
	(12,N'Hãy chọn đáp án đúng: 6 x 4 - 3 = ?',N'Đây là dạng toán cơ bản, dựa vào các tính chất của phép tính để thực hiện',2),
	(13,N'Hãy chọn đáp án đúng: 10 / 2 + 3 = ?',N'Đây là dạng toán cơ bản, dựa vào các tính chất của phép tính để thực hiện',2),
	(14,N'Hãy chọn đáp án đúng: 5 - 2 + 4 / 2 = ?',N'Đây là dạng toán cơ bản, dựa vào các tính chất của phép tính để thực hiện',2),
	(15,N'Hãy chọn đáp án đúng: 3 x (5 + 1) - 4 = ?',N'Đây là dạng toán cơ bản, dựa vào các tính chất của phép tính để thực hiện',2),
	(16,N'Hãy chọn đáp án đúng: 7 - 3 x 2 + 4 = ?',N'Đây là dạng toán cơ bản, dựa vào các tính chất của phép tính để thực hiện',2),
	(17,N'Hãy chọn đáp án đúng: 9 / 3 x 2 + 1 = ?',N'Đây là dạng toán cơ bản, dựa vào các tính chất của phép tính để thực hiện',2),
	(18,N'Hãy chọn đáp án đúng: 4 + 2 - 3 x 1 = ?',N'Đây là dạng toán cơ bản, dựa vào các tính chất của phép tính để thực hiện',2),
	(19,N'Hãy chọn đáp án đúng: 12 - (6 + 2 x 3) = ?',N'Đây là dạng toán cơ bản, dựa vào các tính chất của phép tính để thực hiện',2),
	(20,N'Hãy chọn đáp án đúng: 8 x 2 - (5 + 3) = ?',N'Đây là dạng toán cơ bản, dựa vào các tính chất của phép tính để thực hiện',3),
	(21,N'Hãy chọn đáp án đúng: 3 + 4 x 2 = ?',N'Đây là dạng toán cơ bản, dựa vào các tính chất của phép tính để thực hiện',3),
	(22,N'Hãy chọn đáp án đúng: 6 x 3 - 5 = ?',N'Đây là dạng toán cơ bản, dựa vào các tính chất của phép tính để thực hiện',3),
	(23,N'Hãy chọn đáp án đúng: 9 / 3 + 6 = ?',N'Đây là dạng toán cơ bản, dựa vào các tính chất của phép tính để thực hiện',3),
	(24,N'Hãy chọn đáp án đúng: 8 - 5 + 2 / 2 = ?',N'Đây là dạng toán cơ bản, dựa vào các tính chất của phép tính để thực hiện',3),
	(25,N'Hãy chọn đáp án đúng: 2 x (3 + 4) - 1 = ?',N'Đây là dạng toán cơ bản, dựa vào các tính chất của phép tính để thực hiện',3),
	(26,N'Hãy chọn đáp án đúng: 7 - 2 x 4 + 3 = ?',N'Đây là dạng toán cơ bản, dựa vào các tính chất của phép tính để thực hiện',3),
	(27,N'Hãy chọn đáp án đúng: 5 / 2 x 6 + 1 = ?',N'Đây là dạng toán cơ bản, dựa vào các tính chất của phép tính để thực hiện',3),
	(28,N'Hãy chọn đáp án đúng: 1 + 3 - 2 x 4 = ?',N'Đây là dạng toán cơ bản, dựa vào các tính chất của phép tính để thực hiện',3),
	(29,N'Hãy chọn đáp án đúng: 9 - (3 + 2 x 4) = ?',N'Đây là dạng toán cơ bản, dựa vào các tính chất của phép tính để thực hiện',3),
	(30,N'Hãy chọn đáp án đúng: 6 x 2 - (4 + 2) = ?',N'Đây là dạng toán cơ bản, dựa vào các tính chất của phép tính để thực hiện',4),
	(31,N'Hãy chọn đáp án đúng: 7 x 3 + 4 / 2 = ?',N'Đây là dạng toán cơ bản, dựa vào các tính chất của phép tính để thực hiện',4),
	(32,N'Hãy chọn đáp án đúng: 2 - 4 + 6 x 2 = ?',N'Đây là dạng toán cơ bản, dựa vào các tính chất của phép tính để thực hiện',4),
	(33,N'Hãy chọn đáp án đúng: 10 / 5 + 2 - 1 = ?',N'Đây là dạng toán cơ bản, dựa vào các tính chất của phép tính để thực hiện',4),
	(34,N'Hãy chọn đáp án đúng: 3 + 5 - 1 x 4 = ?',N'Đây là dạng toán cơ bản, dựa vào các tính chất của phép tính để thực hiện',4),
	(35,N'Hãy chọn đáp án đúng: 8 - (2 + 3 x 2) = ?',N'Đây là dạng toán cơ bản, dựa vào các tính chất của phép tính để thực hiện',4),
	(36,N'Hãy chọn đáp án đúng: 4 x 2 - (3 + 1) = ?',N'Đây là dạng toán cơ bản, dựa vào các tính chất của phép tính để thực hiện',4),
	(37,N'Hãy chọn đáp án đúng: 9 + 6 / 3 - 2 = ?',N'Đây là dạng toán cơ bản, dựa vào các tính chất của phép tính để thực hiện',4),
	(38,N'Hãy chọn đáp án đúng: 5 - 2 + 3 x 4 = ?',N'Đây là dạng toán cơ bản, dựa vào các tính chất của phép tính để thực hiện',4),
	(39,N'Hãy chọn đáp án đúng: 7 x 2 + 5 / 5 = ?',N'Đây là dạng toán cơ bản, dựa vào các tính chất của phép tính để thực hiện',4),
	(40,N'Hãy chọn đáp án đúng: 1 + 3 - 2 x 5 = ?',N'Đây là dạng toán cơ bản, dựa vào các tính chất của phép tính để thực hiện',4),
	(41,N'Hãy chọn đáp án đúng: 4 + 2 x 3 - 1 = ?',N'Đây là dạng toán cơ bản, dựa vào các tính chất của phép tính để thực hiện',5),
	(42,N'Hãy chọn đáp án đúng: 8 x 3 - 6 / 2 = ?',N'Đây là dạng toán cơ bản, dựa vào các tính chất của phép tính để thực hiện',5),
	(43,N'Hãy chọn đáp án đúng: 7 / 2 + 4 x 2 = ?',N'Đây là dạng toán cơ bản, dựa vào các tính chất của phép tính để thực hiện',5),
	(44,N'Hãy chọn đáp án đúng: 6 - 3 + 2 x 4 = ?',N'Đây là dạng toán cơ bản, dựa vào các tính chất của phép tính để thực hiện',5),
	(45,N'Hãy chọn đáp án đúng: 2 x (6 + 1) - 3 = ?',N'Đây là dạng toán cơ bản, dựa vào các tính chất của phép tính để thực hiện',5),
	(46,N'Hãy chọn đáp án đúng: 9 - 4 x 2 + 3 = ?',N'Đây là dạng toán cơ bản, dựa vào các tính chất của phép tính để thực hiện',5),
	(47,N'Hãy chọn đáp án đúng: 5 / 3 x 4 - 2 = ?',N'Đây là dạng toán cơ bản, dựa vào các tính chất của phép tính để thực hiện',5),
	(48,N'Hãy chọn đáp án đúng: 3 + 2 - 1 x 5 = ?',N'Đây là dạng toán cơ bản, dựa vào các tính chất của phép tính để thực hiện',5),
	(49,N'Hãy chọn đáp án đúng: 8 - (3 + 2 x 4) = ?',N'Đây là dạng toán cơ bản, dựa vào các tính chất của phép tính để thực hiện',5),
	(50,N'Hãy chọn đáp án đúng: 6 x 3 + 4 - 5 = ?',N'Đây là dạng toán cơ bản, dựa vào các tính chất của phép tính để thực hiện',6),
	(51,N'Hãy chọn đáp án đúng: 5 + 3 x 2 = ?',N'Đây là dạng toán cơ bản, dựa vào các tính chất của phép tính để thực hiện',6),
	(52,N'Hãy chọn đáp án đúng: 4 x 3 - 2 = ?',N'Đây là dạng toán cơ bản, dựa vào các tính chất của phép tính để thực hiện',6),
	(53,N'Hãy chọn đáp án đúng: 8 / 2 + 5 = ?',N'Đây là dạng toán cơ bản, dựa vào các tính chất của phép tính để thực hiện',6),
	(54,N'Hãy chọn đáp án đúng: 7 - 4 + 6 / 2 = ?',N'Đây là dạng toán cơ bản, dựa vào các tính chất của phép tính để thực hiện',6),
	(55,N'Hãy chọn đáp án đúng: 3 x (4 + 2) - 5 = ?',N'Đây là dạng toán cơ bản, dựa vào các tính chất của phép tính để thực hiện',6),
	(56,N'Hãy chọn đáp án đúng: 9 - 2 x 3 + 5 = ?',N'Đây là dạng toán cơ bản, dựa vào các tính chất của phép tính để thực hiện',6),
	(57,N'Hãy chọn đáp án đúng: 6 / 2 x 4 + 1 = ?',N'Đây là dạng toán cơ bản, dựa vào các tính chất của phép tính để thực hiện',6),
	(58,N'Hãy chọn đáp án đúng: 2 + 4 - 1 x 3 = ?',N'Đây là dạng toán cơ bản, dựa vào các tính chất của phép tính để thực hiện',6),
	(59,N'Hãy chọn đáp án đúng: 8 - (4 + 2 x 3) = ?',N'Đây là dạng toán cơ bản, dựa vào các tính chất của phép tính để thực hiện',6),
	(60,N'Hãy chọn đáp án đúng: 7 x 2 - (4 + 1) = ?',N'Đây là dạng toán cơ bản, dựa vào các tính chất của phép tính để thực hiện',6),
	(61,N'Hãy chọn đáp án đúng: 9 + 2 x 5 = ?',N'Đây là dạng toán cơ bản, dựa vào các tính chất của phép tính để thực hiện',7),
	(62,N'Hãy chọn đáp án đúng: 6 x 4 - 3 = ?',N'Đây là dạng toán cơ bản, dựa vào các tính chất của phép tính để thực hiện',7),
	(63,N'Hãy chọn đáp án đúng: 10 / 2 + 3 = ?',N'Đây là dạng toán cơ bản, dựa vào các tính chất của phép tính để thực hiện',7),
	(64,N'Hãy chọn đáp án đúng: 5 - 2 + 4 / 2 = ?',N'Đây là dạng toán cơ bản, dựa vào các tính chất của phép tính để thực hiện',7),
	(65,N'Hãy chọn đáp án đúng: 3 x (5 + 1) - 4 = ?',N'Đây là dạng toán cơ bản, dựa vào các tính chất của phép tính để thực hiện',7),
	(66,N'Hãy chọn đáp án đúng: 7 - 3 x 2 + 4 = ?',N'Đây là dạng toán cơ bản, dựa vào các tính chất của phép tính để thực hiện',7),
	(67,N'Hãy chọn đáp án đúng: 9 / 3 x 2 + 1 = ?',N'Đây là dạng toán cơ bản, dựa vào các tính chất của phép tính để thực hiện',7),
	(68,N'Hãy chọn đáp án đúng: 4 + 2 - 3 x 1 = ?',N'Đây là dạng toán cơ bản, dựa vào các tính chất của phép tính để thực hiện',7),
	(69,N'Hãy chọn đáp án đúng: 12 - (6 + 2 x 3) = ?',N'Đây là dạng toán cơ bản, dựa vào các tính chất của phép tính để thực hiện',7),
	(70,N'Hãy chọn đáp án đúng: 8 x 2 - (5 + 3) = ?',N'Đây là dạng toán cơ bản, dựa vào các tính chất của phép tính để thực hiện',7),
	(71,N'Hãy chọn đáp án đúng: 3 + 4 x 2 = ?',N'Đây là dạng toán cơ bản, dựa vào các tính chất của phép tính để thực hiện',7),
	(72,N'Hãy chọn đáp án đúng: 6 x 3 - 5 = ?',N'Đây là dạng toán cơ bản, dựa vào các tính chất của phép tính để thực hiện',7),
	(73,N'Hãy chọn đáp án đúng: 9 / 3 + 6 = ?',N'Đây là dạng toán cơ bản, dựa vào các tính chất của phép tính để thực hiện',8),
	(74,N'Hãy chọn đáp án đúng: 8 - 5 + 2 / 2 = ?',N'Đây là dạng toán cơ bản, dựa vào các tính chất của phép tính để thực hiện',8),
	(75,N'Hãy chọn đáp án đúng: 2 x (3 + 4) - 1 = ?',N'Đây là dạng toán cơ bản, dựa vào các tính chất của phép tính để thực hiện',8),
	(76,N'Hãy chọn đáp án đúng: 7 - 2 x 4 + 3 = ?',N'Đây là dạng toán cơ bản, dựa vào các tính chất của phép tính để thực hiện',8),
	(77,N'Hãy chọn đáp án đúng: 5 / 2 x 6 + 1 = ?',N'Đây là dạng toán cơ bản, dựa vào các tính chất của phép tính để thực hiện',8),
	(78,N'Hãy chọn đáp án đúng: 1 + 3 - 2 x 4 = ?',N'Đây là dạng toán cơ bản, dựa vào các tính chất của phép tính để thực hiện',8),
	(79,N'Hãy chọn đáp án đúng: 9 - (3 + 2 x 4) = ?',N'Đây là dạng toán cơ bản, dựa vào các tính chất của phép tính để thực hiện',8),
	(80,N'Hãy chọn đáp án đúng: 6 x 2 - (4 + 2) = ?',N'Đây là dạng toán cơ bản, dựa vào các tính chất của phép tính để thực hiện',8),
	(81,N'Hãy chọn đáp án đúng: 7 x 3 + 4 / 2 = ?',N'Đây là dạng toán cơ bản, dựa vào các tính chất của phép tính để thực hiện',9),
	(82,N'Hãy chọn đáp án đúng: 2 - 4 + 6 x 2 = ?',N'Đây là dạng toán cơ bản, dựa vào các tính chất của phép tính để thực hiện',9),
	(83,N'Hãy chọn đáp án đúng: 10 / 5 + 2 - 1 = ?',N'Đây là dạng toán cơ bản, dựa vào các tính chất của phép tính để thực hiện',9),
	(84,N'Hãy chọn đáp án đúng: 3 + 5 - 1 x 4 = ?',N'Đây là dạng toán cơ bản, dựa vào các tính chất của phép tính để thực hiện',9),
	(85,N'Hãy chọn đáp án đúng: 8 - (2 + 3 x 2) = ?',N'Đây là dạng toán cơ bản, dựa vào các tính chất của phép tính để thực hiện',9),
	(86,N'Hãy chọn đáp án đúng: 4 x 2 - (3 + 1) = ?',N'Đây là dạng toán cơ bản, dựa vào các tính chất của phép tính để thực hiện',9),
	(87,N'Hãy chọn đáp án đúng: 9 + 6 / 3 - 2 = ?',N'Đây là dạng toán cơ bản, dựa vào các tính chất của phép tính để thực hiện',9),
	(88,N'Hãy chọn đáp án đúng: 5 - 2 + 3 x 4 = ?',N'Đây là dạng toán cơ bản, dựa vào các tính chất của phép tính để thực hiện',9),
	(89,N'Hãy chọn đáp án đúng: 7 x 2 + 5 / 5 = ?',N'Đây là dạng toán cơ bản, dựa vào các tính chất của phép tính để thực hiện',9),
	(90,N'Hãy chọn đáp án đúng: 1 + 3 - 2 x 5 = ?',N'Đây là dạng toán cơ bản, dựa vào các tính chất của phép tính để thực hiện',9),
	(91,N'Hãy chọn đáp án đúng: 4 + 2 x 3 - 1 = ?',N'Đây là dạng toán cơ bản, dựa vào các tính chất của phép tính để thực hiện',10),
	(92,N'Hãy chọn đáp án đúng: 8 x 3 - 6 / 2 = ?',N'Đây là dạng toán cơ bản, dựa vào các tính chất của phép tính để thực hiện',10),
	(93,N'Hãy chọn đáp án đúng: 7 / 2 + 4 x 2 = ?',N'Đây là dạng toán cơ bản, dựa vào các tính chất của phép tính để thực hiện',10),
	(94,N'Hãy chọn đáp án đúng: 6 - 3 + 2 x 4 = ?',N'Đây là dạng toán cơ bản, dựa vào các tính chất của phép tính để thực hiện',10),
	(95,N'Hãy chọn đáp án đúng: 2 x (6 + 1) - 3 = ?',N'Đây là dạng toán cơ bản, dựa vào các tính chất của phép tính để thực hiện',10),
	(96,N'Hãy chọn đáp án đúng: 9 - 4 x 2 + 3 = ?',N'Đây là dạng toán cơ bản, dựa vào các tính chất của phép tính để thực hiện',10),
	(97,N'Hãy chọn đáp án đúng: 5 / 3 x 4 - 2 = ?',N'Đây là dạng toán cơ bản, dựa vào các tính chất của phép tính để thực hiện',10),
	(98,N'Hãy chọn đáp án đúng: 3 + 2 - 1 x 5 = ?',N'Đây là dạng toán cơ bản, dựa vào các tính chất của phép tính để thực hiện',10),
	(99,N'Hãy chọn đáp án đúng: 8 - (3 + 2 x 4) = ?',N'Đây là dạng toán cơ bản, dựa vào các tính chất của phép tính để thực hiện',10),
	(100,N'Hãy chọn đáp án đúng: 6 x 3 + 4 - 5 = ?',N'Đây là dạng toán cơ bản, dựa vào các tính chất của phép tính để thực hiện',10);
SET IDENTITY_INSERT [dbo].[Question] OFF

SET IDENTITY_INSERT [dbo].[choices] ON
INSERT INTO choices(choice_id, choice_content, is_true, ques_id) VALUES (1,11,N'True',1),
	(2,91,N'False',1),
	(3,85,N'False',1),
	(4,27,N'False',1),
	(5,10,N'True',2),
	(6,91,N'False',2),
	(7,85,N'False',2),
	(8,27,N'False',2),
	(9,9,N'True',3),
	(10,91,N'False',3),
	(11,85,N'False',3),
	(12,27,N'False',3),
	(13,8,N'True',4),
	(14,91,N'False',4),
	(15,85,N'False',4),
	(16,27,N'False',4),
	(17,13,N'True',5),
	(18,91,N'False',5),
	(19,85,N'False',5),
	(20,27,N'False',5),
	(21,8,N'True',6),
	(22,91,N'False',6),
	(23,85,N'False',6),
	(24,27,N'False',6),
	(25,13,N'True',7),
	(26,91,N'False',7),
	(27,85,N'False',7),
	(28,27,N'False',7),
	(29,3,N'True',8),
	(30,91,N'False',8),
	(31,85,N'False',8),
	(32,27,N'False',8),
	(33,-2,N'True',9),
	(34,91,N'False',9),
	(35,85,N'False',9),
	(36,27,N'False',9),
	(37,8,N'True',10),
	(38,91,N'False',10),
	(39,85,N'False',10),
	(40,27,N'False',10),
	(41,19,N'True',11),
	(42,91,N'False',11),
	(43,85,N'False',11),
	(44,27,N'False',11),
	(45,21,N'True',12),
	(46,91,N'False',12),
	(47,85,N'False',12),
	(48,27,N'False',12),
	(49,8,N'True',13),
	(50,91,N'False',13),
	(51,85,N'False',13),
	(52,27,N'False',13),
	(53,6,N'True',14),
	(54,91,N'False',14),
	(55,85,N'False',14),
	(56,27,N'False',14),
	(57,14,N'True',15),
	(58,91,N'False',15),
	(59,85,N'False',15),
	(60,27,N'False',15),
	(61,5,N'True',16),
	(62,91,N'False',16),
	(63,85,N'False',16),
	(64,27,N'False',16),
	(65,7,N'True',17),
	(66,91,N'False',17),
	(67,85,N'False',17),
	(68,27,N'False',17),
	(69,3,N'True',18),
	(70,91,N'False',18),
	(71,85,N'False',18),
	(72,27,N'False',18),
	(73,0,N'True',19),
	(74,91,N'False',19),
	(75,85,N'False',19),
	(76,27,N'False',19),
	(77,10,N'True',20),
	(78,91,N'False',20),
	(79,85,N'False',20),
	(80,27,N'False',20),
	(81,11,N'True',21),
	(82,91,N'False',21),
	(83,85,N'False',21),
	(84,27,N'False',21),
	(85,13,N'True',22),
	(86,91,N'False',22),
	(87,85,N'False',22),
	(88,27,N'False',22),
	(89,9,N'True',23),
	(90,91,N'False',23),
	(91,85,N'False',23),
	(92,27,N'False',23),
	(93,5,N'True',24),
	(94,91,N'False',24),
	(95,85,N'False',24),
	(96,27,N'False',24),
	(97,13,N'True',25),
	(98,91,N'False',25),
	(99,85,N'False',25),
	(100,27,N'False',25),
	(101,0,N'True',26),
	(102,91,N'False',26),
	(103,85,N'False',26),
	(104,27,N'False',26),
	(105,16,N'True',27),
	(106,91,N'False',27),
	(107,85,N'False',27),
	(108,27,N'False',27),
	(109,-4,N'True',28),
	(110,91,N'False',28),
	(111,85,N'False',28),
	(112,27,N'False',28),
	(113,-4,N'True',29),
	(114,91,N'False',29),
	(115,85,N'False',29),
	(116,27,N'False',29),
	(117,6,N'True',30),
	(118,91,N'False',30),
	(119,85,N'False',30),
	(120,27,N'False',30),
	(121,24,N'True',31),
	(122,91,N'False',31),
	(123,85,N'False',31),
	(124,27,N'False',31),
	(125,14,N'True',32),
	(126,91,N'False',32),
	(127,85,N'False',32),
	(128,27,N'False',32),
	(129,3,N'True',33),
	(130,91,N'False',33),
	(131,85,N'False',33),
	(132,27,N'False',33),
	(133,4,N'True',34),
	(134,91,N'False',34),
	(135,85,N'False',34),
	(136,27,N'False',34),
	(137,0,N'True',35),
	(138,91,N'False',35),
	(139,85,N'False',35),
	(140,27,N'False',35),
	(141,3,N'True',36),
	(142,91,N'False',36),
	(143,85,N'False',36),
	(144,27,N'False',36),
	(145,10,N'True',37),
	(146,91,N'False',37),
	(147,85,N'False',37),
	(148,27,N'False',37),
	(149,15,N'True',38),
	(150,91,N'False',38),
	(151,85,N'False',38),
	(152,27,N'False',38),
	(153,15,N'True',39),
	(154,91,N'False',39),
	(155,85,N'False',39),
	(156,27,N'False',39),
	(157,-3,N'True',40),
	(158,91,N'False',40),
	(159,85,N'False',40),
	(160,27,N'False',40),
	(161,9,N'True',41),
	(162,91,N'False',41),
	(163,85,N'False',41),
	(164,27,N'False',41),
	(165,22,N'True',42),
	(166,91,N'False',42),
	(167,85,N'False',42),
	(168,27,N'False',42),
	(169,15,N'True',43),
	(170,91,N'False',43),
	(171,85,N'False',43),
	(172,27,N'False',43),
	(173,15,N'True',44),
	(174,91,N'False',44),
	(175,85,N'False',44),
	(176,27,N'False',44),
	(177,10,N'True',45),
	(178,91,N'False',45),
	(179,85,N'False',45),
	(180,27,N'False',45),
	(181,4,N'True',46),
	(182,91,N'False',46),
	(183,85,N'False',46),
	(184,27,N'False',46),
	(185,6,N'True',47),
	(186,91,N'False',47),
	(187,85,N'False',47),
	(188,27,N'False',47),
	(189,0,N'True',48),
	(190,91,N'False',48),
	(191,85,N'False',48),
	(192,27,N'False',48),
	(193,-3,N'True',49),
	(194,91,N'False',49),
	(195,85,N'False',49),
	(196,27,N'False',49),
	(197,19,N'True',50),
	(198,91,N'False',50),
	(199,85,N'False',50),
	(200,27,N'False',50),
	(201,11,N'True',51),
	(202,91,N'False',51),
	(203,85,N'False',51),
	(204,27,N'False',51),
	(205,10,N'True',52),
	(206,91,N'False',52),
	(207,85,N'False',52),
	(208,27,N'False',52),
	(209,9,N'True',53),
	(210,91,N'False',53),
	(211,85,N'False',53),
	(212,27,N'False',53),
	(213,8,N'True',54),
	(214,91,N'False',54),
	(215,85,N'False',54),
	(216,27,N'False',54),
	(217,13,N'True',55),
	(218,91,N'False',55),
	(219,85,N'False',55),
	(220,27,N'False',55),
	(221,8,N'True',56),
	(222,91,N'False',56),
	(223,85,N'False',56),
	(224,27,N'False',56),
	(225,13,N'True',57),
	(226,91,N'False',57),
	(227,85,N'False',57),
	(228,27,N'False',57),
	(229,3,N'True',58),
	(230,91,N'False',58),
	(231,85,N'False',58),
	(232,27,N'False',58),
	(233,-2,N'True',59),
	(234,91,N'False',59),
	(235,85,N'False',59),
	(236,27,N'False',59),
	(237,8,N'True',60),
	(238,91,N'False',60),
	(239,85,N'False',60),
	(240,27,N'False',60),
	(241,19,N'True',61),
	(242,91,N'False',61),
	(243,85,N'False',61),
	(244,27,N'False',61),
	(245,21,N'True',62),
	(246,91,N'False',62),
	(247,85,N'False',62),
	(248,27,N'False',62),
	(249,8,N'True',63),
	(250,91,N'False',63);
INSERT INTO choices(choice_id, choice_content, is_true, ques_id)
VALUES (251,85,N'False',63),
	(252,27,N'False',63),
	(253,6,N'True',64),
	(254,91,N'False',64),
	(255,85,N'False',64),
	(256,27,N'False',64),
	(257,14,N'True',65),
	(258,91,N'False',65),
	(259,85,N'False',65),
	(260,27,N'False',65),
	(261,5,N'True',66),
	(262,91,N'False',66),
	(263,85,N'False',66),
	(264,27,N'False',66),
	(265,7,N'True',67),
	(266,91,N'False',67),
	(267,85,N'False',67),
	(268,27,N'False',67),
	(269,3,N'True',68),
	(270,91,N'False',68),
	(271,85,N'False',68),
	(272,27,N'False',68),
	(273,0,N'True',69),
	(274,91,N'False',69),
	(275,85,N'False',69),
	(276,27,N'False',69),
	(277,10,N'True',70),
	(278,91,N'False',70),
	(279,85,N'False',70),
	(280,27,N'False',70),
	(281,11,N'True',71),
	(282,91,N'False',71),
	(283,85,N'False',71),
	(284,27,N'False',71),
	(285,13,N'True',72),
	(286,91,N'False',72),
	(287,85,N'False',72),
	(288,27,N'False',72),
	(289,9,N'True',73),
	(290,91,N'False',73),
	(291,85,N'False',73),
	(292,27,N'False',73),
	(293,5,N'True',74),
	(294,91,N'False',74),
	(295,85,N'False',74),
	(296,27,N'False',74),
	(297,13,N'True',75),
	(298,91,N'False',75),
	(299,85,N'False',75),
	(300,27,N'False',75),
	(301,0,N'True',76),
	(302,91,N'False',76),
	(303,85,N'False',76),
	(304,27,N'False',76),
	(305,16,N'True',77),
	(306,91,N'False',77),
	(307,85,N'False',77),
	(308,27,N'False',77),
	(309,-4,N'True',78),
	(310,91,N'False',78),
	(311,85,N'False',78),
	(312,27,N'False',78),
	(313,-4,N'True',79),
	(314,91,N'False',79),
	(315,85,N'False',79),
	(316,27,N'False',79),
	(317,6,N'True',80),
	(318,91,N'False',80),
	(319,85,N'False',80),
	(320,27,N'False',80),
	(321,24,N'True',81),
	(322,91,N'False',81),
	(323,85,N'False',81),
	(324,27,N'False',81),
	(325,14,N'True',82),
	(326,91,N'False',82),
	(327,85,N'False',82),
	(328,27,N'False',82),
	(329,3,N'True',83),
	(330,91,N'False',83),
	(331,85,N'False',83),
	(332,27,N'False',83),
	(333,4,N'True',84),
	(334,91,N'False',84),
	(335,85,N'False',84),
	(336,27,N'False',84),
	(337,0,N'True',85),
	(338,91,N'False',85),
	(339,85,N'False',85),
	(340,27,N'False',85),
	(341,3,N'True',86),
	(342,91,N'False',86),
	(343,85,N'False',86),
	(344,27,N'False',86),
	(345,10,N'True',87),
	(346,91,N'False',87),
	(347,85,N'False',87),
	(348,27,N'False',87),
	(349,15,N'True',88),
	(350,91,N'False',88),
	(351,85,N'False',88),
	(352,27,N'False',88),
	(353,15,N'True',89),
	(354,91,N'False',89),
	(355,85,N'False',89),
	(356,27,N'False',89),
	(357,-3,N'True',90),
	(358,91,N'False',90),
	(359,85,N'False',90),
	(360,27,N'False',90),
	(361,9,N'True',91),
	(362,91,N'False',91),
	(363,85,N'False',91),
	(364,27,N'False',91),
	(365,22,N'True',92),
	(366,91,N'False',92),
	(367,85,N'False',92),
	(368,27,N'False',92),
	(369,15,N'True',93),
	(370,91,N'False',93),
	(371,85,N'False',93),
	(372,27,N'False',93),
	(373,15,N'True',94),
	(374,91,N'False',94),
	(375,85,N'False',94),
	(376,27,N'False',94),
	(377,10,N'True',95),
	(378,91,N'False',95),
	(379,85,N'False',95),
	(380,27,N'False',95),
	(381,4,N'True',96),
	(382,91,N'False',96),
	(383,85,N'False',96),
	(384,27,N'False',96),
	(385,6,N'True',97),
	(386,91,N'False',97),
	(387,85,N'False',97),
	(388,27,N'False',97),
	(389,0,N'True',98),
	(390,91,N'False',98),
	(391,85,N'False',98),
	(392,27,N'False',98),
	(393,-3,N'True',99),
	(394,91,N'False',99),
	(395,85,N'False',99),
	(396,27,N'False',99),
	(397,19,N'True',100),
	(398,91,N'False',100),
	(399,85,N'False',100),
	(400,27,N'False',100);
SET IDENTITY_INSERT [dbo].[choices] OFF

SET IDENTITY_INSERT Ques_Result ON
INSERT INTO Ques_Result(ques_result_id, ques_id, user_id, ques_status, ques_flag, ques_answer, quiz_result_id) 
VALUES (1,1,1,N'True',N'False',3,1),
	(2,2,1,N'True',N'False',3,1),
	(3,3,1,N'True',N'False',3,1),
	(4,4,1,N'True',N'False',3,1),
	(5,5,1,N'True',N'False',3,1),
	(6,6,1,N'True',N'False',3,1),
	(7,7,1,N'True',N'False',3,1),
	(8,8,1,N'True',N'False',3,1),
	(9,9,1,N'True',N'False',3,1),
	(10,10,1,N'True',N'False',3,1),
	(11,51,2,N'False',N'False',3,2),
	(12,52,2,N'False',N'False',4,2),
	(13,53,2,N'False',N'False',1,2),
	(14,54,2,N'False',N'False',3,2),
	(15,55,2,N'False',N'False',2,2),
	(16,56,2,N'False',N'False',1,2),
	(17,57,2,N'False',N'False',3,2),
	(18,58,2,N'False',N'False',4,2),
	(19,59,2,N'False',N'False',1,2),
	(20,60,2,N'False',N'False',1,2),
	(21,61,3,N'True',N'False',2,3),
	(22,62,3,N'True',N'False',2,3),
	(23,63,3,N'True',N'False',2,3),
	(24,64,3,N'True',N'False',3,3),
	(25,65,3,N'True',N'False',3,3),
	(26,66,3,N'True',N'False',2,3),
	(27,67,3,N'True',N'False',2,3),
	(28,68,3,N'True',N'False',4,3),
	(29,69,3,N'True',N'False',2,3),
	(30,70,3,N'True',N'False',1,3),
	(31,41,4,N'True',N'False',3,4),
	(32,42,4,N'True',N'False',3,4),
	(33,43,4,N'True',N'False',3,4),
	(34,44,4,N'True',N'False',2,4),
	(35,45,4,N'True',N'False',3,4),
	(36,46,4,N'True',N'False',3,4),
	(37,47,4,N'True',N'False',1,4),
	(38,48,4,N'True',N'False',2,4),
	(39,49,4,N'True',N'False',2,4),
	(40,50,4,N'True',N'False',0,4),
	(41,81,5,N'False',N'False',0,5),
	(42,82,5,N'False',N'False',0,5),
	(43,83,5,N'False',N'False',0,5),
	(44,84,5,N'False',N'False',0,5),
	(45,85,5,N'False',N'False',0,5),
	(46,86,5,N'False',N'False',0,5),
	(47,87,5,N'False',N'False',0,5),
	(48,88,5,N'False',N'False',0,5),
	(49,89,5,N'False',N'False',0,5),
	(50,90,5,N'False',N'False',0,5),
	(51,71,6,N'True',N'False',3,6),
	(52,72,6,N'True',N'False',0,6),
	(53,73,6,N'True',N'False',1,6),
	(54,74,6,N'True',N'False',0,6),
	(55,75,6,N'True',N'False',4,6),
	(56,76,6,N'True',N'False',4,6),
	(57,77,6,N'True',N'False',4,6),
	(58,78,6,N'True',N'False',1,6),
	(59,79,6,N'True',N'False',1,6),
	(60,80,6,N'True',N'False',1,6),
	(61,61,7,N'True',N'False',1,7),
	(62,62,7,N'True',N'False',0,7),
	(63,63,7,N'True',N'False',1,7),
	(64,64,7,N'True',N'False',0,7),
	(65,65,7,N'True',N'False',1,7),
	(66,66,7,N'True',N'False',0,7),
	(67,67,7,N'True',N'False',0,7),
	(68,68,7,N'True',N'False',0,7),
	(69,69,7,N'True',N'False',0,7),
	(70,70,7,N'True',N'False',4,7),
	(71,51,8,N'True',N'False',1,8),
	(72,52,8,N'True',N'False',1,8),
	(73,53,8,N'True',N'False',2,8),
	(74,54,8,N'True',N'False',2,8),
	(75,55,8,N'True',N'False',3,8),
	(76,56,8,N'True',N'False',0,8),
	(77,57,8,N'True',N'False',0,8),
	(78,58,8,N'True',N'False',0,8),
	(79,59,8,N'True',N'False',0,8),
	(80,60,8,N'True',N'False',0,8),
	(81,41,9,N'False',N'False',2,9),
	(82,42,9,N'False',N'False',4,9),
	(83,43,9,N'False',N'False',2,9),
	(84,44,9,N'False',N'False',1,9),
	(85,45,9,N'False',N'False',3,9),
	(86,46,9,N'False',N'False',3,9),
	(87,47,9,N'False',N'False',3,9),
	(88,48,9,N'False',N'False',2,9),
	(89,49,9,N'False',N'False',3,9),
	(90,50,9,N'False',N'False',3,9),
	(91,31,10,N'True',N'False',1,10),
	(92,32,10,N'True',N'False',2,10),
	(93,33,10,N'True',N'False',2,10),
	(94,34,10,N'True',N'False',0,10),
	(95,35,10,N'True',N'False',0,10),
	(96,36,10,N'True',N'False',0,10),
	(97,37,10,N'True',N'False',0,10),
	(98,38,10,N'True',N'False',0,10),
	(99,39,10,N'True',N'False',0,10),
	(100,40,10,N'True',N'False',0,10);
SET IDENTITY_INSERT Ques_Result OFF
