<?xml version="1.0" encoding="UTF-8"?>
<project-private xmlns="http://www.netbeans.org/ns/project-private/1">
    <editor-bookmarks xmlns="http://www.netbeans.org/ns/editor-bookmarks/2" lastBookmarkId="0"/>
    <open-files xmlns="http://www.netbeans.org/ns/projectui-open-files/2">
        <group>
            <file>file:/D:/Document/hoc%20tren%20lop/Summer2023/SWP391-Group5/SWP/Week2/SourceCode/SWP/web/login.jsp</file>
            <file>file:/D:/Document/hoc%20tren%20lop/Summer2023/SWP391-Group5/SWP/Week2/SourceCode/SWP/src/java/dal/DBConnect.java</file>
            <file>file:/D:/Document/hoc%20tren%20lop/Summer2023/SWP391-Group5/SWP/Week2/SourceCode/SWP/src/java/controller/ResetPasswordController.java</file>
            <file>file:/D:/Document/hoc%20tren%20lop/Summer2023/SWP391-Group5/SWP/Week2/SourceCode/SWP/src/java/entity/Gender.java</file>
            <file>file:/D:/Document/hoc%20tren%20lop/Summer2023/SWP391-Group5/SWP/Week2/SourceCode/SWP/src/java/controller/homepage.java</file>
            <file>file:/D:/Document/hoc%20tren%20lop/Summer2023/SWP391-Group5/SWP/Week2/SourceCode/SWP/src/java/dao/UserDAO.java</file>
            <file>file:/D:/Document/hoc%20tren%20lop/Summer2023/SWP391-Group5/SWP/Week2/SourceCode/SWP/web/demoList.jsp</file>
            <file>file:/D:/Document/hoc%20tren%20lop/Summer2023/SWP391-Group5/SWP/Week2/SourceCode/SWP/web/HomePage.jsp</file>
            <file>file:/D:/Document/hoc%20tren%20lop/Summer2023/SWP391-Group5/SWP/Week2/SourceCode/SWP/src/java/entity/Course.java</file>
            <file>file:/D:/Document/hoc%20tren%20lop/Summer2023/SWP391-Group5/SWP/Week2/SourceCode/SWP/src/java/entity/User.java</file>
            <file>file:/D:/Document/hoc%20tren%20lop/Summer2023/SWP391-Group5/SWP/Week2/SourceCode/SWP/src/java/controller/ChangePasswordController.java</file>
            <file>file:/D:/Document/hoc%20tren%20lop/Summer2023/SWP391-Group5/SWP/Week2/SourceCode/SWP/web/WEB-INF/web.xml</file>
            <file>file:/D:/Document/hoc%20tren%20lop/Summer2023/SWP391-Group5/SWP/Week2/SourceCode/SWP/src/java/controller/LoginController.java</file>
            <file>file:/D:/Document/hoc%20tren%20lop/Summer2023/SWP391-Group5/SWP/Week2/SourceCode/SWP/src/java/controller/courseDetails.java</file>
            <file>file:/D:/Document/hoc%20tren%20lop/Summer2023/SWP391-Group5/SWP/Week2/SourceCode/SWP/src/java/dao/MyDAO.java</file>
            <file>file:/D:/Document/hoc%20tren%20lop/Summer2023/SWP391-Group5/SWP/Week2/SourceCode/SWP/web/CourseDetails.jsp</file>
            <file>file:/D:/Document/hoc%20tren%20lop/Summer2023/SWP391-Group5/SWP/Week2/SourceCode/SWP/src/java/dao/CourseDAO.java</file>
        </group>
    </open-files>
</project-private>
