<?xml version="1.0" encoding="UTF-8"?>
<project-private xmlns="http://www.netbeans.org/ns/project-private/1">
    <editor-bookmarks xmlns="http://www.netbeans.org/ns/editor-bookmarks/2" lastBookmarkId="0"/>
    <open-files xmlns="http://www.netbeans.org/ns/projectui-open-files/2">
        <group>
            <file>file:/E:/swp391/SWP391_Project/SWP/Week6/SourceCode/SWP/src/java/controller/TestFeature/EditQuizContent.java</file>
            <file>file:/E:/swp391/SWP391_Project/SWP/Week6/SourceCode/SWP/web/QuestionListEdit.jsp</file>
            <file>file:/E:/swp391/SWP391_Project/SWP/Week6/SourceCode/SWP/src/java/controller/TestFeature/HandleChoiceDeletion.java</file>
            <file>file:/E:/swp391/SWP391_Project/SWP/Week6/SourceCode/SWP/src/java/dao/QuizDAO.java</file>
            <file>file:/E:/swp391/SWP391_Project/SWP/Week6/SourceCode/SWP/web/assets/css/styling.css</file>
        </group>
    </open-files>
</project-private>
